Project Name,Country,Capacity (kt H2/y),Investment Cost (MUSD),Source,Date Online,Technology,Capacity Change (Simulated),Country_Name,Continent,Region
Oskarshamn nuclear plant,SWE,0.7,0.11864087,Production,1992.0,Unknown,1.999978352,Sweden,Europe,Northern Europe
TPJ Jesenice,SVN,0.35,0.060638667,Production,2000.0,Unknown,1.999995189,Slovenia,Europe,South East Europe
Grimstad Renewable Energy Park,NOR,0.05,0.008474348,Production,2000.0,Unknown,1.999990379,Norway,Europe,Northern Europe
Thermal Power Plant Sostanj,SVN,0.1,0.017325333,Production,2000.0,Unknown,1.999992784,Slovenia,Europe,South East Europe
PVFCSYS Sophia Antipolis,FRA,0.0036,0.000610153,Production,2000.0,Unknown,1.999988147,France,Europe,Western Europe
FIRST - Showcase II,ESP,0.001,0.000149931,Production,2000.0,Unknown,1.999988021,Spain,Europe,South West Europe
ECTOS,ISL,0.276,0.0467784,Production,2003.0,Unknown,1.999998749,Iceland,Europe,Northern Europe
"CUTE, Stockholm",SWE,0.3,0.050846087,Production,2003.0,Unknown,1.999997595,Sweden,Europe,Northern Europe
Laboratory System at IFE Kjeller Phase 1,NOR,0.00364,0.000545748,Production,2003.0,Unknown,1.999988148,Norway,Europe,Northern Europe
"Porto, CUTE",PRT,0.3,0.050846087,Production,2003.0,Unknown,1.999997595,Portugal,Europe,South West Europe
"HyFLEET:CUTE, Amesterdam",NLD,0.3,0.050846087,Production,2003.0,Unknown,1.999997595,Netherlands,Europe,Western Europe
"HyFLEET:CUTE, Hamburg",DEU,0.276,0.0467784,Production,2003.0,Unknown,4.999998749,Germany,Europe,Western Europe
"HARI project, West Beacon Farm",GBR,0.034,0.005762557,Production,2004.0,Unknown,1.999989609,United Kingdom,Europe,Western Europe
PVFCSYS Agrate,ITA,0.0034,0.000576256,Production,2004.0,Unknown,1.999988137,Italy,Europe,Southern Europe
Aeropila,ESP,0.0026,0.00038982,Production,2004.0,Unknown,1.999988098,Spain,Europe,South West Europe
Utsira Island,NOR,0.048,0.008135374,Production,2004.0,Unknown,1.999990282,Norway,Europe,Northern Europe
"PURE Project, Unst",GBR,0.015,0.002542304,Production,2005.0,Unknown,1.999988695,United Kingdom,Europe,Western Europe
GenHyPEM (R&D),DEU,0.03276,0.004911732,Production,2005.0,Unknown,4.999989549,Germany,Europe,Western Europe
"CUTE and HyFLEET:CUTE, Barcelona",ESP,0.3,0.050846087,Production,2006.0,Unknown,1.999997595,Spain,Europe,South West Europe
Hydrogen village Burgenland,AUT,0.0104,0.00155928,Production,2006.0,Unknown,1.999988474,Austria,Europe,Central Europe
"Vestenskov/ Nakskov Industrial and Environmental Park, Lolland",DNK,0.0832,0.01247424,Production,2007.0,Unknown,1.999991976,Denmark,Europe,Northern Europe
"H2 from the sun, Brunate",ITA,0.007,0.001186409,Production,2007.0,Unknown,1.99998831,Italy,Europe,Southern Europe
RES2H2 Gran Canaria,ESP,0.055,0.009321783,Production,2007.0,Unknown,1.999990619,Spain,Europe,South West Europe
Baglan Energy Park Wales,GBR,0.046,0.0077964,Production,2008.0,Unknown,1.999990186,United Kingdom,Europe,Western Europe
"Stand-alone power system, Neo Olvio of Xanthi",GRC,0.00364,0.000545748,Production,2008.0,Unknown,1.999988148,Greece,Europe,South East Europe
"Hidrolica, Tahivilla",ESP,0.041,0.006147162,Production,2008.0,Unknown,1.999989946,Spain,Europe,South West Europe
IHAVU,ESP,0.000225,3.9e-05,Production,2008.0,Unknown,1.999987984,Spain,Europe,South West Europe
Hydrogen Wind Farm Sotavento,ESP,0.3,0.050846087,Production,2008.0,Onshore wind,1.999997595,Spain,Europe,South West Europe
Regenerativer Energipark Ostfalia/hybrid renewable energy park (HREP),DEU,0.006,0.001016922,Production,2009.0,Unknown,4.999988262,Germany,Europe,Western Europe
Neo Olvio of Xanthi,GRC,0.004,0.000599723,Production,2009.0,Unknown,1.999988166,Greece,Europe,South East Europe
"ETOGAS, Solar Fuel Alpha-plant 250 kW, ZSW",DEU,0.25,0.042371739,Production,2009.0,Unknown,5.0,Germany,Europe,Western Europe
AltHytude,FRA,0.08,0.013558957,Production,2009.0,Unknown,1.999991822,France,Europe,Western Europe
The Hydrogen office,GBR,0.02438,0.004132092,Production,2010.0,Unknown,1.999989146,United Kingdom,Europe,Western Europe
Narva power plant ELY,EST,0.144297368,0.025,Production,2010.0,Unknown,6.999994915,Estonia,Europe,Eastern Europe
H2KT - Hydrogen Energy Storage in Nuuk,DNK,0.0874,0.01481316,Production,2010.0,Unknown,1.999992178,Denmark,Europe,Northern Europe
Primolyzer (R&D),DNK,0.0052,0.00077964,Production,2010.0,Unknown,1.999988223,Denmark,Europe,Northern Europe
H2SusBuild / RES-H2,GRC,0.0184,0.00311856,Production,2010.0,Unknown,1.999988858,Greece,Europe,South East Europe
ITHER,ESP,0.065,0.011016652,Production,2010.0,Unknown,1.9999911,Spain,Europe,South West Europe
H2SusBuild,GRC,0.22,0.038115733,Production,2010.0,Unknown,1.999998557,Greece,Europe,South East Europe
"EnBW H2 station, Stuttgart",DEU,0.3,0.050846087,Production,2011.0,Unknown,4.999997595,Germany,Europe,Western Europe
RABH2,GBR,0.005,0.000847435,Production,2011.0,Unknown,1.999988214,United Kingdom,Europe,Western Europe
"Hybrid Power Plant Enertrag, Prenzlau",DEU,0.5,0.084743478,Production,2011.0,Unknown,4.999987973,Germany,Europe,Western Europe
"Hamburg Hafen City, CEP",DEU,0.6,0.101692174,Production,2011.0,Unknown,4.999983163,Germany,Europe,Western Europe
DNV Kema/DNV GL,NLD,0.01,0.001499308,Production,2011.0,Unknown,1.999988454,Netherlands,Europe,Western Europe
Green Natural Gas,DNK,0.04,0.008206737,Production,2011.0,Unknown,1.999989898,Denmark,Europe,Northern Europe
RESelyser (R&D),DEU,0.001,0.000169487,Production,2011.0,Unknown,4.999988021,Germany,Europe,Western Europe
SEE / Storage of electric energy,DEU,0.006,0.001016922,Production,2011.0,Unknown,4.999988262,Germany,Europe,Western Europe
Foulum Demonstration plant,DNK,0.25,0.037482692,Production,2011.0,Unknown,2.0,Denmark,Europe,Northern Europe
ELYGRID (R&D),ESP,2.6,0.440666087,Production,2011.0,Unknown,1.999886949,Spain,Europe,South West Europe
Cotbus,DEU,0.12,0.020338435,Production,2012.0,Unknown,4.999993746,Germany,Europe,Western Europe
MYRTE,FRA,0.11,0.016492385,Production,2012.0,Unknown,1.999993265,France,Europe,Western Europe
Eucolino Schwandorf,DEU,0.108,0.01871136,Production,2012.0,Unknown,4.999993169,Germany,Europe,Western Europe
H2Herten,DEU,0.165,0.027965348,Production,2012.0,Unknown,4.999995911,Germany,Europe,Western Europe
"PostBus Hydrogen bus, Brugg, aargau CHIC",CHE,0.276,0.0467784,Production,2012.0,Unknown,1.999998749,Switzerland,Europe,Central Europe
Hydrogen mini grid system Yorkshire (Rotherham),GBR,0.03,0.005084609,Production,2012.0,Unknown,1.999989417,United Kingdom,Europe,Western Europe
H2 research center BTU Cottbus,DEU,0.14,0.023728174,Production,2012.0,Unknown,4.999994708,Germany,Europe,Western Europe
"Fronius Energy Cell, self-sufficient house",AUT,0.00884,0.001325388,Production,2012.0,Unknown,1.999988399,Austria,Europe,Central Europe
Agios Efstratios,GRC,0.1,0.017325333,Production,2012.0,Unknown,1.999992784,Greece,Europe,South East Europe
Commercial Plant Svartsengi/George Olah plant,ISL,6.0,1.03952,Production,2012.0,Others/Various,1.999723387,Iceland,Europe,Northern Europe
Emden I Biogas upgrading,DEU,0.312,0.05287993,Production,2012.0,Unknown,4.999997017,Germany,Europe,Western Europe
"Sunfire PtL demo ""Fuel1""",DEU,0.038,0.0077964,Production,2012.0,Unknown,4.999989801,Germany,Europe,Western Europe
"MicrobEnergy GmbH, Schwandorf",DEU,0.18,0.026987538,Production,2013.0,Unknown,4.999996633,Germany,Europe,Western Europe
CO2RRECT-Niederaussem,DEU,0.26,0.038982,Production,2013.0,Unknown,4.999999519,Germany,Europe,Western Europe
"BioPower2Gas, Allendorf, Eder",DEU,0.312,0.0467784,Production,2013.0,Unknown,4.999997017,Germany,Europe,Western Europe
P2G plant Erdgas Schwaben,DEU,1.0,0.149930769,Production,2013.0,Unknown,4.99996392,Germany,Europe,Western Europe
Haldor Topsoe - El-Opgraderet Biogas I,DNK,0.038,0.0077964,Production,2013.0,Unknown,1.999989801,Denmark,Europe,Northern Europe
"H2Move, Fraunhofer ISE",DEU,0.04,0.005997231,Production,2013.0,Solar PV,4.999989898,Germany,Europe,Western Europe
PtG-Elektrolyse im MW-Maßstab (R&D),DEU,0.3,0.050846087,Production,2013.0,Unknown,4.999997595,Germany,Europe,Western Europe
El Tubo - ACTA EL500,ESP,0.00312,0.000467784,Production,2013.0,Unknown,1.999988123,Spain,Europe,South West Europe
H2 Logic HRS with onsite electrolysis in Vejle,DNK,0.43071161,0.073,Production,2013.0,Unknown,1.999991307,Denmark,Europe,Northern Europe
"ETOGAS, Solar Fuel Beta-plant AUDI, Werlte (Audi e-gas)",DEU,6.3,1.067767826,Production,2013.0,Unknown,4.999708955,Germany,Europe,Western Europe
"Greenhouse heating, solar-H2",ITA,0.0025,0.000423717,Production,2013.0,Unknown,1.999988094,Italy,Europe,Southern Europe
H2 Logic 3 HRS with onsite electrolysis in Copenhagen,DNK,1.292134831,0.219,Production,2013.0,Unknown,1.999949866,Denmark,Europe,Northern Europe
Rozenburg Power2Gas Phase 1,NLD,0.007,0.001049515,Production,2013.0,Unknown,1.99998831,Netherlands,Europe,Western Europe
H2 Logic HRS with onsite electrolysis Holstebro,DNK,0.43071161,0.073,Production,2013.0,Unknown,1.999991307,Denmark,Europe,Northern Europe
H2 Logic HRS with onsite electrolysis Aalborg,DNK,0.43071161,0.073,Production,2013.0,Unknown,1.999991307,Denmark,Europe,Northern Europe
WindGas Falkenhagen,DEU,2.0,0.338973913,Production,2013.0,Onshore wind,4.999915813,Germany,Europe,Western Europe
"Oslo, CHIC",NOR,0.6,0.101692174,Production,2013.0,Unknown,1.999983163,Norway,Europe,Northern Europe
RENOVAGAS,ESP,0.0092,0.00155928,Production,2014.0,Unknown,1.999988416,Spain,Europe,South West Europe
Electrochaea: Biological methanation in Avedøre,DNK,1.2,0.203384348,Production,2014.0,Unknown,1.999954299,Denmark,Europe,Northern Europe
"Hydrogen Valley South Tyrol - Bolzano, CHIC",ITA,1.5,0.254230435,Production,2014.0,Unknown,1.999939867,Italy,Europe,Southern Europe
H2BER (Berlin airport),DEU,0.5,0.084743478,Production,2014.0,Onshore wind,4.999987973,Germany,Europe,Western Europe
"Hanau, Wolfgang Industrial Park",DEU,0.0208,0.00311856,Production,2014.0,Unknown,4.999988974,Germany,Europe,Western Europe
Reduction and Reuse of CO2: Renewable Fuels for Electricity Production- ZHAW,CHE,0.00156,0.000233892,Production,2014.0,Unknown,1.999988048,Switzerland,Europe,Central Europe
Thüga PtG plant Frankfurt/Main,DEU,0.3,0.044979231,Production,2014.0,Unknown,4.999997595,Germany,Europe,Western Europe
Woikoski Kokkola H2 plant,FIN,9.0,1.525382609,Production,2014.0,Unknown,1.999579067,Finland,Europe,Northern Europe
MeGa-stoRE,DNK,0.00644,0.001091496,Production,2014.0,Unknown,1.999988283,Denmark,Europe,Northern Europe
Don Quichote,BEL,0.3,0.050846087,Production,2015.0,Onshore wind,1.999997595,Belgium,Europe,Western Europe
Pilot & Demo PtM HSR,CHE,0.025,0.004237174,Production,2015.0,Unknown,1.999989176,Switzerland,Europe,Central Europe
DemoSNG,SWE,0.1456,0.02182992,Production,2015.0,Unknown,1.999994978,Sweden,Europe,Northern Europe
"Wind2Hydrogen, HyCentA",AUT,0.1,0.014993077,Production,2015.0,Unknown,1.999992784,Austria,Europe,Central Europe
"Aberdeen Kittybrewster, Hydrogen bus project",GBR,1.0,0.169486957,Production,2015.0,Unknown,1.99996392,United Kingdom,Europe,Western Europe
WindGas Hamburg-Reitbrook,DEU,1.5,0.224896154,Production,2015.0,Onshore wind,4.999939867,Germany,Europe,Western Europe
P2G-Biocat - Continued (Ref 508),DNK,0.5,0.084743478,Production,2015.0,Unknown,1.999987973,Denmark,Europe,Northern Europe
Regio Energie Solothurn/Aarmat hybrid plant,CHE,0.7,0.104951538,Production,2015.0,Unknown,1.999978352,Switzerland,Europe,Central Europe
HRS CNH2 Puertollano,ESP,0.06,0.010169217,Production,2015.0,Solar PV,1.99999086,Spain,Europe,South West Europe
MeGa-stoRE Optimising and Upscaling,DNK,0.25,0.042371739,Production,2015.0,Unknown,2.0,Denmark,Europe,Northern Europe
RWE PtG plant Ibbenbüren,DEU,0.15,0.022489615,Production,2015.0,Unknown,4.999995189,Germany,Europe,Western Europe
Dresden,DEU,0.01,0.002051684,Production,2015.0,Unknown,4.999988454,Germany,Europe,Western Europe
Stromlückenfüller 1st phase,DEU,0.02,0.002998615,Production,2015.0,Unknown,4.999988935,Germany,Europe,Western Europe
"RH2 Grapzow, Mecklenburg Vorpommern",DEU,1.0,0.169486957,Production,2015.0,Onshore wind,4.99996392,Germany,Europe,Western Europe
HPEM2GAS (R&D),DEU,0.2,0.029986154,Production,2016.0,Unknown,4.999997595,Germany,Europe,Western Europe
Laboratory System at IFE Kjeller Pahse 2,NOR,0.0104,0.00155928,Production,2016.0,Unknown,1.999988474,Norway,Europe,Northern Europe
"Fife, Levenmouth Community Energy Project",GBR,0.37,0.064103733,Production,2016.0,Onshore wind,1.999994227,United Kingdom,Europe,Western Europe
smart grid solar - arzberg,DEU,0.075,0.011244808,Production,2016.0,Solar PV,4.999991581,Germany,Europe,Western Europe
HELMETH (R&D),DEU,0.015,0.003077526,Production,2016.0,Unknown,4.999988695,Germany,Europe,Western Europe
INGRID,ITA,1.2,0.203384348,Production,2016.0,Unknown,1.999954299,Italy,Europe,Southern Europe
Hamburg - Schnackenburgallee,DEU,0.185,0.027737192,Production,2016.0,Unknown,4.999996873,Germany,Europe,Western Europe
Hassfurt,DEU,1.25,0.187413462,Production,2016.0,Unknown,4.999951893,Germany,Europe,Western Europe
Hydrogen plant - Orkney Islands - BIG HIT 1st phase,GBR,0.7,0.104951538,Production,2017.0,Onshore wind,1.999978352,United Kingdom,Europe,Western Europe
Haldor Topsoe - El-Opgraderet Biogas II,DNK,0.038,0.0077964,Production,2017.0,Unknown,1.999989801,Denmark,Europe,Northern Europe
ASKO Midt-Norge,NOR,0.7,0.11864087,Production,2017.0,Solar PV,1.999978352,Norway,Europe,Northern Europe
HySnowGroomer (within HyWest),AUT,0.35,0.060638667,Production,2017.0,Solar PV,1.999995189,Austria,Europe,Central Europe
H&R Ölwerke Hamburg-Neuhof,DEU,5.0,0.749653846,Production,2017.0,Unknown,4.999771493,Germany,Europe,Western Europe
FaHyence,FRA,0.138,0.0233892,Production,2017.0,Unknown,1.999994612,France,Europe,Western Europe
GrInHy,DEU,0.15,0.030775263,Production,2017.0,Unknown,4.999995189,Germany,Europe,Western Europe
Energy observer,FRA,0.0468,0.00701676,Production,2017.0,Unknown,1.999990225,France,Europe,Western Europe
Energiepark Mainz,DEU,6.0,0.899584615,Production,2017.0,Onshore wind,4.999723387,Germany,Europe,Western Europe
"Alzey, Exytron Null-E",DEU,0.0625,0.010592935,Production,2017.0,Unknown,4.99999098,Germany,Europe,Western Europe
Underground Sun Conversion,AUT,0.6,0.101692174,Production,2018.0,Solar PV,1.999983163,Austria,Europe,Central Europe
GNVert H2 ,FRA,0.1924,0.02884668,Production,2018.0,Unknown,1.999997229,France,Europe,Western Europe
GRHYD,FRA,0.52,0.077964,Production,2018.0,Unknown,1.999987011,France,Europe,Western Europe
"Rostock, Exytron Demonstrationsanlage",DEU,0.0184,0.00311856,Production,2018.0,Unknown,4.999988858,Germany,Europe,Western Europe
"Minerve, Nantes",FRA,0.12,0.024620211,Production,2018.0,Unknown,1.999993746,France,Europe,Western Europe
Carbon2Chem,DEU,2.0,0.338973913,Production,2018.0,Unknown,4.999915813,Germany,Europe,Western Europe
"CoSin: Synthetic Natural Gas from Sewage, Barcelona",ESP,0.03344,0.006860832,Production,2018.0,Unknown,1.999989582,Spain,Europe,South West Europe
Methanation at Eichhof,DEU,0.05,0.007496538,Production,2018.0,Unknown,4.999990379,Germany,Europe,Western Europe
"Troia,  STORE&GO",ITA,0.2,0.029986154,Production,2018.0,Unknown,1.999997595,Italy,Europe,Southern Europe
Falkenhagen STORE&GO,DEU,1.0,0.149930769,Production,2018.0,Unknown,4.99996392,Germany,Europe,Western Europe
Aberdeen Conference Center,GBR,1.0,0.169486957,Production,2018.0,Unknown,1.99996392,United Kingdom,Europe,Western Europe
REFLEX,ITA,0.038,0.0077964,Production,2018.0,Unknown,1.999989801,Italy,Europe,Southern Europe
Hellisheidi ON Power ely,ISL,0.7,0.121277333,Production,2018.0,Unknown,1.999978352,Iceland,Europe,Northern Europe
"Windgas Haurup, 1st phase",DEU,0.225,0.033734423,Production,2018.0,Onshore wind,4.999998797,Germany,Europe,Western Europe
"MicroPyros, Altenstant",DEU,0.001125,0.00019491,Production,2018.0,Unknown,4.999988027,Germany,Europe,Western Europe
Minatec's semiconductor labs in Grenoble,FRA,0.0552,0.00935568,Production,2018.0,Unknown,1.999990629,France,Europe,Western Europe
Hypos - Sunfire,DEU,0.18,0.036930316,Production,2019.0,Unknown,4.999996633,Germany,Europe,Western Europe
Wind to Gas Südermarsch,DEU,2.4,0.359833846,Production,2019.0,Onshore wind,4.999896571,Germany,Europe,Western Europe
PFI - Pirmasens-Winzeln,DEU,2.5,0.433133333,Production,2019.0,Others/Various,4.99989176,Germany,Europe,Western Europe
Hydrogen plant - Orkney Islands - BIG HIT 2n phase,GBR,1.0,0.149930769,Production,2019.0,Onshore wind,1.99996392,United Kingdom,Europe,Western Europe
Balance project,FIN,0.006,0.001231011,Production,2019.0,Unknown,1.999988262,Finland,Europe,Northern Europe
VTT Bio economy+,FIN,0.025,0.003748269,Production,2019.0,Unknown,1.999989176,Finland,Europe,Northern Europe
H2FUTURE,AUT,6.0,0.899584615,Production,2019.0,Unknown,1.999723387,Austria,Europe,Central Europe
MEFCO2,DEU,1.0,0.149930769,Production,2019.0,Unknown,4.99996392,Germany,Europe,Western Europe
ELY4OFF,ESP,0.05,0.007496538,Production,2019.0,Unknown,1.999990379,Spain,Europe,South West Europe
Vårgårda Bostäder housing complex,SWE,0.276,0.0467784,Production,2019.0,Solar PV,1.999998749,Sweden,Europe,Northern Europe
Rozenburg Power2Gas Phase 2,NLD,0.007,0.001049515,Production,2019.0,Unknown,1.99998831,Netherlands,Europe,Western Europe
"Solothurn, STORE&GO",CHE,0.35,0.052475769,Production,2019.0,Unknown,1.999995189,Switzerland,Europe,Central Europe
Fébus Pau bus station HRS,FRA,0.75,0.112448077,Production,2019.0,Unknown,1.999975947,France,Europe,Western Europe
Stromlückenfüller 2nd phase,DEU,0.2,0.029986154,Production,2019.0,Unknown,4.999997595,Germany,Europe,Western Europe
Tauron CO2-SNG,POL,0.081,0.01403352,Production,2019.0,Unknown,1.99999187,Poland,Europe,Eastern Europe
Parnu refuelling station,EST,1.0,0.169486957,Production,2019.0,Unknown,1.99996392,Estonia,Europe,Eastern Europe
HYPOS (several projects),DEU,1.3,0.225229333,Production,2019.0,Unknown,9.999949488,Germany,Europe,Western Europe
Houdain bus station HRS (TADAO/Bulle 6 SMTAG),FRA,0.5,0.084743478,Production,2019.0,Unknown,1.999987973,France,Europe,Western Europe
"H2Nodes, Riga",EST,0.728,0.1091496,Production,2019.0,Unknown,1.999977005,Estonia,Europe,Eastern Europe
HRS Aalborg,DNK,0.25,0.042371739,Production,2020.0,Unknown,2.0,Denmark,Europe,Northern Europe
Wuppertal refuelling station,DEU,2.5,0.374826923,Production,2020.0,Others/Various,4.99989176,Germany,Europe,Western Europe
Hydrospider - St Gallen,CHE,2.0,0.299861538,Production,2020.0,Hydropower,1.999915813,Switzerland,Europe,Central Europe
Wyhlen hydroelectric power plant,DEU,1.3,0.220333043,Production,2020.0,Hydropower,4.999949488,Germany,Europe,Western Europe
"Windgas Haurup, 2nd phase",DEU,1.0,0.149930769,Production,2020.0,Onshore wind,4.99996392,Germany,Europe,Western Europe
Power2Met,DNK,0.25,0.038982,Production,2020.0,Unknown,2.0,Denmark,Europe,Northern Europe
Jupiter 1000,FRA,1.0,0.169486957,Production,2020.0,Unknown,1.99996392,France,Europe,Western Europe
Leuchtturmprojekt Power-to-Gas Baden-Württemberg,DEU,1.3,0.19491,Production,2020.0,Hydropower,4.999949488,Germany,Europe,Western Europe
HyBALANCE,DNK,1.5,0.224896154,Production,2020.0,Onshore wind,1.999939867,Denmark,Europe,Northern Europe
Hotflex,AUT,0.15,0.030775263,Production,2020.0,Hydropower,1.999995189,Austria,Europe,Central Europe
eFarm (5 production sites in North Frisia),DEU,1.125,0.168672115,Production,2020.0,Onshore wind,4.999957907,Germany,Europe,Western Europe
Tecoil,FIN,0.7,0.121277333,Production,2020.0,Unknown,1.999978352,Finland,Europe,Northern Europe
H2ORIZON,DEU,0.8,0.119944615,Production,2020.0,Unknown,4.999973541,Germany,Europe,Western Europe
HyDeploy,GBR,0.5,0.074965385,Production,2020.0,Unknown,1.999987973,United Kingdom,Europe,Western Europe
GrInHy2.0,DEU,0.7,0.155928,Production,2020.0,Unknown,4.999978352,Germany,Europe,Western Europe
Trzebinia refinery,POL,2.020163152,0.35,Production,2021.0,Unknown,1.999914843,Poland,Europe,Eastern Europe
Tyseley Energy Park refuelling hub Birmingham,GBR,3.0,0.449792308,Production,2021.0,Others/Various,1.999867707,United Kingdom,Europe,Western Europe
Brande Hydrogen project,DNK,0.4,0.059972308,Production,2021.0,Offshore wind,1.999992784,Denmark,Europe,Northern Europe
Green Hydrogen Esslingen (P2G2P),DEU,0.5,0.084743478,Production,2021.0,Unknown,4.999987973,Germany,Europe,Western Europe
Sirea - Castres site,FRA,0.43,0.074498933,Production,2021.0,Solar PV,1.999991341,France,Europe,Western Europe
Solarbelt Fairfuel kerosene DEMO plant,DEU,1.233445995,0.184931507,Production,2021.0,Others/Various,4.99995269,Germany,Europe,Western Europe
SALCOS - WindH2 Windwasserstoff Salzgitter,DEU,2.5,0.374826923,Production,2021.0,Onshore wind,4.99989176,Germany,Europe,Western Europe
Steklarna Hrastnik glass manufactuing plant,SVN,0.15,0.025988,Production,2021.0,Solar PV,1.999995189,Slovenia,Europe,South East Europe
METHYCENTRE,FRA,0.25,0.037482692,Production,2021.0,Unknown,2.0,France,Europe,Western Europe
REMOTE - Agkistro (Greece,GRC,0.025,0.004237174,Production,2021.0,Hydropower,1.999989176,Greece,Europe,South East Europe
Fairfuel Atmosfair,DEU,1.3,0.19491,Production,2021.0,Others/Various,4.999949488,Germany,Europe,Western Europe
Refhyne,DEU,10.0,1.499307692,Production,2021.0,Unknown,4.99953096,Germany,Europe,Western Europe
Kopernikus,DEU,0.01,0.002051684,Production,2021.0,Unknown,4.999988454,Germany,Europe,Western Europe
Vallée Hydrogène Grand Ouest (VHyGO) - H2 Ouest (Phase 1),FRA,0.75,0.127115217,Production,2021.0,Unknown,6.999975947,France,Europe,Western Europe
AuxHYGen (Phase 1),FRA,1.0,0.169486957,Production,2021.0,Unknown,1.99996392,France,Europe,Western Europe
Hydrogen Lab Leuna (phase 1),DEU,1.0,0.205168421,Production,2021.0,Onshore wind,4.99996392,Germany,Europe,Western Europe
Hystock (EnergyStock),NLD,1.0,0.149930769,Production,2021.0,Solar PV,1.99996392,Netherlands,Europe,Western Europe
"Apex Energy, Rostock-Laage",DEU,2.0,0.338973913,Production,2021.0,Unknown,4.999915813,Germany,Europe,Western Europe
HRS CMB Port of Antwerp,BEL,1.0,0.149930769,Production,2021.0,Unknown,1.99996392,Belgium,Europe,Western Europe
HAEOLUS,NOR,2.5,0.374826923,Production,2021.0,Onshore wind,1.99989176,Norway,Europe,Northern Europe
HYBRIT pilot,SWE,4.5,0.762691304,Production,2021.0,Unknown,1.999795547,Sweden,Europe,Northern Europe
eSMR Methanol demo plant in Aarhus University,DNK,2.642690146,0.457854877,Production,2022.0,Unknown,1.999884896,Denmark,Europe,Northern Europe
Seafuel project,ESP,0.025280899,0.00438,Production,2022.0,Others/Various,1.99998919,Spain,Europe,South West Europe
Wunsiedel Energy Park (Phase 1),DEU,8.8,1.319390769,Production,2022.0,Others/Various,4.999588688,Germany,Europe,Western Europe
H2RES - Orsted offshore wind,DNK,2.0,0.338973913,Production,2022.0,Offshore wind,1.999915813,Denmark,Europe,Northern Europe
Kola Nuclear Power Plant demo,RUS,1.0,0.149930769,Production,2022.0,Unknown,1.99996392,Russia,Asia,Northern Asia
Hysolar Green on Road - Nieuwegein,NLD,2.5,0.374826923,Production,2022.0,Solar PV,1.99989176,Netherlands,Europe,Western Europe
Wasserstoffproduktion Ostschweiz AG,CHE,2.0,0.346506667,Production,2022.0,Unknown,6.999915813,Switzerland,Europe,Central Europe
Heroya Industrial Park,NOR,5.5,0.932178261,Production,2022.0,Unknown,6.99974744,Norway,Europe,Northern Europe
HRS Bremervörde - trains,DEU,3.895131086,0.584,Production,2022.0,Unknown,4.999824645,Germany,Europe,Western Europe
HRS TMB Zona Franca de Barcelona,ESP,2.5,0.374826923,Production,2022.0,Unknown,1.99989176,Spain,Europe,South West Europe
H2-Login,ESP,0.014606742,0.00219,Production,2022.0,Solar PV,1.999988676,Spain,Europe,South West Europe
Vallée Hydrogène Grand Ouest (VHyGO) - EffiH2,FRA,1.0,0.173253333,Production,2022.0,Unknown,6.99996392,France,Europe,Western Europe
Hydrogenpilot Oosterwolde,NLD,1.3,0.225229333,Production,2022.0,Unknown,1.999949488,Netherlands,Europe,Western Europe
Hyflexpower,FRA,1.6,0.239889231,Production,2022.0,Unknown,1.999935056,France,Europe,Western Europe
Green Hysland Mallorca - Phase 1,ESP,2.5,0.374826923,Production,2022.0,Solar PV,1.99989176,Spain,Europe,South West Europe
H2 Évora - GreenGas I,PRT,0.100046175,0.015,Production,2022.0,Solar PV,1.999992786,Portugal,Europe,South West Europe
PtG Switzerland,CHE,2.5,0.374826923,Production,2022.0,Unknown,1.99989176,Switzerland,Europe,Central Europe
Iberdrola - Puertollano I,ESP,20.0,2.998615385,Production,2022.0,Solar PV,1.999049893,Spain,Europe,South West Europe
"MPREIS Hydrogen (within ""Demo4Grid"")",AUT,3.1,0.525409565,Production,2022.0,Unknown,1.999862896,Austria,Europe,Central Europe
Fronius Solhub - SAN Group Herzogenburg,AUT,0.7,0.104951538,Production,2022.0,Solar PV,1.999978352,Austria,Europe,Central Europe
Alliander Oosterwolde - solar park of GroenLeven,NLD,1.4,0.237281739,Production,2022.0,Solar PV,1.999944677,Netherlands,Europe,Western Europe
Linde Hellas - Mandra,GRC,1.0,0.173253333,Production,2022.0,Unknown,6.99996392,Greece,Europe,South East Europe
The Next Gate - P2X -Europe,DEU,0.593002882,0.102739726,Production,2022.0,Unknown,4.999983499,Germany,Europe,Western Europe
Abanto Technology Park,ESP,2.5,0.423717391,Production,2023.0,Unknown,6.99989176,Spain,Europe,South West Europe
Undergorund Sun Storage 2030,AUT,2.0,0.299861538,Production,2023.0,Unknown,1.999915813,Austria,Europe,Central Europe
Underground Sun Storage 2030,AUT,2.0,0.299861538,Production,2023.0,Others/Various,1.999915813,Austria,Europe,Central Europe
"Los Barrios coal plant, Cadiz, phase 1",ESP,5.0,0.866266667,Production,2023.0,Solar PV,1.999771493,Spain,Europe,South West Europe
Turn2X - Extremadura,ESP,2.0,0.299861538,Production,2023.0,Unknown,1.999915813,Spain,Europe,South West Europe
Convion SOE R&D ELY,FIN,0.125,0.025646053,Production,2023.0,Unknown,1.999993987,Finland,Europe,Northern Europe
 GET H2 TransHyDE hydrogen project - Lingen,DEU,0.25,0.051292105,Production,2023.0,Unknown,10.0,Germany,Europe,Western Europe
Dorset Green H2 Project,GBR,0.9,0.155928,Production,2023.0,Solar PV,1.999968731,United Kingdom,Europe,Western Europe
Energie Steiermark plant in Styria,AUT,1.0,0.173253333,Production,2023.0,Solar PV,1.99996392,Austria,Europe,Central Europe
Energy Hub at MIRA Technology Park.,GBR,1.0,0.173253333,Production,2023.0,Unknown,1.99996392,United Kingdom,Europe,Western Europe
Energy-Norweigian Catapult Centre,NOR,0.9,0.152538261,Production,2023.0,Unknown,6.999968731,Norway,Europe,Northern Europe
Ribatejo natural gas power plant (FLEXnCONFU) ,PRT,1.0,0.149930769,Production,2023.0,Unknown,1.99996392,Portugal,Europe,South West Europe
Renewable Gasfield,AUT,2.000923503,0.3,Production,2023.0,Others/Various,1.999915769,Austria,Europe,Central Europe
"REMOTE - Spain, Canary Islands",ESP,0.08,0.013558957,Production,2023.0,Others/Various,1.999991822,Spain,Europe,South West Europe
Multiphly,NLD,2.5,0.512921053,Production,2023.0,Unknown,6.99989176,Netherlands,Europe,Western Europe
NFC Belfort (Phase 1),FRA,1.0,0.169486957,Production,2023.0,Unknown,1.99996392,France,Europe,Western Europe
Lhyfe Bretagne - Buléon,FRA,5.0,0.866266667,Production,2023.0,Unknown,6.999771493,France,Europe,Western Europe
GROHW,NLD,0.5,0.086626667,Production,2023.0,Unknown,6.999987973,Netherlands,Europe,Western Europe
H2 Évora - GreenGas II,PRT,0.300138525,0.045,Production,2023.0,Solar PV,1.999997588,Portugal,Europe,South West Europe
Sealhyfe,FRA,1.0,0.149930769,Production,2023.0,Offshore wind,1.99996392,France,Europe,Western Europe
Gaznat methanation project,CHE,0.5,0.084743478,Production,2023.0,Solar PV,1.999987973,Switzerland,Europe,Central Europe
Steinbeis Innovation Center Braunschweig,DEU,1.0,0.173253333,Production,2023.0,Unknown,4.99996392,Germany,Europe,Western Europe
E-CO2MET Raffinerie Mitteldeutschland,DEU,1.0,0.205168421,Production,2023.0,Unknown,4.99996392,Germany,Europe,Western Europe
Kopernikus 2.0,DEU,0.25,0.051292105,Production,2023.0,Unknown,5.0,Germany,Europe,Western Europe
Hofors rolling project,SWE,17.0,2.881278261,Production,2023.0,Unknown,1.999194213,Sweden,Europe,Northern Europe
H2 project - AEM Flex electrolyser,DEU,0.12,0.0207904,Production,2023.0,Unknown,9.999993746,Germany,Europe,Western Europe
H2Pioneer - H2 Carinthia,AUT,2.0,0.299861538,Production,2023.0,Others/Various,1.999915813,Austria,Europe,Central Europe
Porte de St Cloud HRS station,FRA,2.5,0.374826923,Production,2023.0,Unknown,1.99989176,France,Europe,Western Europe
Picea systems installed at multiple residential households (500 2.4 kW),DEU,1.354,0.234585013,Production,2023.0,Solar PV,4.99994689,Germany,Europe,Western Europe
Hyport - Toulouse-Blagnac Airport,FRA,2.0,0.338973913,Production,2023.0,Unknown,1.999915813,France,Europe,Western Europe
Pamesa - eCombustible,ESP,8.0,1.386026667,Production,2023.0,Solar PV,1.999627173,Spain,Europe,South West Europe
Hypster,FRA,1.0,0.149930769,Production,2023.0,Unknown,6.99996392,France,Europe,Western Europe
Hydrogen Lab Gorlitz,DEU,2.0,0.346506667,Production,2023.0,Unknown,4.999915813,Germany,Europe,Western Europe
Hydrogen Lab Bremerhaven (phase 1),DEU,1.0,0.149930769,Production,2023.0,Onshore wind,4.99996392,Germany,Europe,Western Europe
AEM Nexus 1000 - Saerbeck,DEU,1.0,0.173253333,Production,2023.0,Unknown,4.99996392,Germany,Europe,Western Europe
Aquamarine,HUN,2.0,0.299861538,Production,2023.0,Others/Various,1.999915813,Hungary,Europe,Central Europe
Vallée Hydrogène Grand Ouest (VHyGO) - Saint-Nazaire,FRA,1.5,0.25988,Production,2023.0,Offshore wind,1.999939867,France,Europe,Western Europe
Val d'Hygo (Occitanie H2 Corridor),FRA,5.0,0.749653846,Production,2023.0,Unknown,1.999771493,France,Europe,Western Europe
Zero Emission Valley (ZEV) - Clermont Ferrand,FRA,2.0,0.338973913,Production,2023.0,Unknown,1.999915813,France,Europe,Western Europe
Wien Energie -  Simmering,AUT,3.0,0.51976,Production,2024.0,Unknown,1.999867707,Austria,Europe,Central Europe
Vallée Hydrogène Grand Ouest (VHyGO) - H2 Ouest (Phase 2),FRA,1.75,0.296602174,Production,2024.0,Unknown,6.99992784,France,Europe,Western Europe
ArcelorMittal Bremen - HyBit,DEU,10.0,1.732533333,Production,2024.0,Unknown,4.99953096,Germany,Europe,Western Europe
Arbikie Distillery,GBR,0.9,0.152538261,Production,2024.0,Onshore wind,1.999968731,United Kingdom,Europe,Western Europe
Octopus Hydrogen - MIRA Technology Park,GBR,0.9,0.152538261,Production,2024.0,Unknown,6.999968731,United Kingdom,Europe,Western Europe
Octopus Hydrogen - BayWa MoU,GBR,15.0,2.5988,Production,2024.0,Others/Various,1.999290427,United Kingdom,Europe,Western Europe
HyPilot project ,NOR,1.0,0.149930769,Production,2024.0,Offshore wind,1.99996392,Norway,Europe,Northern Europe
HyHubMo/Hydrogen Hub Mo,NOR,40.0,6.779478261,Production,2024.0,Unknown,1.99808776,Norway,Europe,Northern Europe
Hydrogen plant - Environmental Business Park (PEMA),ESP,2.5,0.433133333,Production,2024.0,Unknown,6.99989176,Spain,Europe,South West Europe
Hydrogen injection into the gas network in Lithuania,LTU,1.0,0.173253333,Production,2024.0,Unknown,1.99996392,Lithuania,Europe,Eastern Europe
Hydrogen for fuel cell testing and heat recovery,DEU,1.0,0.173253333,Production,2024.0,Solar PV,4.99996392,Germany,Europe,Western Europe
Protium Project Pioneer 2,GBR,2.5,0.374826923,Production,2024.0,Unknown,6.99989176,United Kingdom,Europe,Western Europe
Power2AX,FIN,1.298676312,0.225,Production,2024.0,Onshore wind,1.999949552,Finland,Europe,Northern Europe
PosHYdon,NLD,1.0,0.149930769,Production,2024.0,Unknown,1.99996392,Netherlands,Europe,Western Europe
Hytouraine,FRA,5.0,0.866266667,Production,2024.0,Unknown,1.999771493,France,Europe,Western Europe
"HySynergy, phase 1",DNK,20.0,3.38973913,Production,2024.0,Unknown,1.999049893,Denmark,Europe,Northern Europe
Pau-Lescar Biofactory,FRA,1.0,0.149930769,Production,2024.0,Others/Various,1.99996392,France,Europe,Western Europe
P2X Harjavalta project,FIN,20.0,3.38973913,Production,2024.0,Unknown,6.999049893,Finland,Europe,Northern Europe
Port of Gothenburg - Statkraft,SWE,4.0,0.693013333,Production,2024.0,Unknown,6.9998196,Sweden,Europe,Northern Europe
Pinto waste water plant,ESP,0.461751578,0.08,Production,2024.0,Others/Various,1.999989813,Spain,Europe,South West Europe
HyDeer,NLD,24.04956134,4.166666667,Production,2024.0,Solar PV,1.998855082,Netherlands,Europe,Western Europe
Hy2B plant in Pfeffenhausen,DEU,5.0,0.847434783,Production,2024.0,Solar PV,4.999771493,Germany,Europe,Western Europe
HY.City.Bremerhaven,DEU,2.0,0.299861538,Production,2024.0,Onshore wind,4.999915813,Germany,Europe,Western Europe
Hitachi Zosen Inova HZI PtH Buchs,CHE,2.3,0.398482667,Production,2024.0,Unknown,1.999901381,Switzerland,Europe,Central Europe
HEVO-Sul,PRT,4.3,0.644702308,Production,2024.0,Solar PV,1.999805168,Portugal,Europe,South West Europe
HaYrport,BEL,0.75,0.127115217,Production,2024.0,Unknown,1.999975947,Belgium,Europe,Western Europe
H-Awel,GBR,50.0,7.496538462,Production,2024.0,Onshore wind,1.997606693,United Kingdom,Europe,Western Europe
REDDAP - REnewable Distributed & Dynamic Ammonia Plant,DNK,10.0,1.694869565,Production,2024.0,Others/Various,1.99953096,Denmark,Europe,Northern Europe
H2Rivers,DEU,8.190914925,1.228070175,Production,2024.0,Unknown,4.999617989,Germany,Europe,Western Europe
H2HubNS,POL,5.0,0.749653846,Production,2024.0,Unknown,1.999771493,Poland,Europe,Eastern Europe
"H2 Pilotanlage Lingen, phase 2",DEU,4.0,0.599723077,Production,2024.0,Offshore wind,4.9998196,Germany,Europe,Western Europe
"Konin Power Plant, phase 1 - ZE PAK",POL,2.5,0.374826923,Production,2024.0,Others/Various,1.99989176,Poland,Europe,Eastern Europe
InnovaHub,NLD,0.0675,0.0116946,Production,2024.0,Solar PV,1.999991221,Netherlands,Europe,Western Europe
Ineratec PtX plant in Frankfurt,DEU,14.82507206,2.568493151,Production,2024.0,Unknown,9.999298842,Germany,Europe,Western Europe
"Hyways for future, total",DEU,5.303370787,0.795138462,Production,2024.0,Unknown,4.999756899,Germany,Europe,Western Europe
"Hyways for future, 1st hub",DEU,2.0,0.299861538,Production,2024.0,Onshore wind,4.999915813,Germany,Europe,Western Europe
"H2 Pilotanlage Lingen, phase 1",DEU,10.0,1.694869565,Production,2024.0,Offshore wind,4.99953096,Germany,Europe,Western Europe
RIC Energy Valladolid -phase 1,ESP,5.0,0.749653846,Production,2024.0,Solar PV,1.999771493,Spain,Europe,South West Europe
RHYME,DEU,20.0,2.998615385,Production,2024.0,Onshore wind,4.999049893,Germany,Europe,Western Europe
Reichenau power plant,CHE,2.5,0.433133333,Production,2024.0,Hydropower,1.99989176,Switzerland,Europe,Central Europe
"H2 Green City, phase 1",ESP,1.0,0.149930769,Production,2024.0,Solar PV,1.99996392,Spain,Europe,South West Europe
H2 Green - Shoreham port - phase I,GBR,20.0,3.465066667,Production,2024.0,Unknown,6.999049893,United Kingdom,Europe,Western Europe
GreenHyScale,DNK,100.0,16.94869565,Production,2024.0,Unknown,1.995201359,Denmark,Europe,Northern Europe
Linde Leuna Chemical Complex,DEU,24.0,3.598338462,Production,2024.0,Unknown,9.998857466,Germany,Europe,Western Europe
Lhyfe-Enerparc Luckau project,DEU,5.0,0.847434783,Production,2024.0,Solar PV,4.999771493,Germany,Europe,Western Europe
Lhyfe Bade-Würtemberg,DEU,10.0,1.694869565,Production,2024.0,Others/Various,4.99953096,Germany,Europe,Western Europe
"Norwegian Hydrogen, Hellesylt Hydrogen Hub 1st project",NOR,3.0,0.449792308,Production,2024.0,Hydropower,1.999867707,Norway,Europe,Northern Europe
NFC Belfort (Phase 2),FRA,1.0,0.169486957,Production,2024.0,Unknown,1.99996392,France,Europe,Western Europe
"Mobility of the Future (within ""Innovation Liquid Energy"")",AUT,1.0,0.205168421,Production,2024.0,Unknown,1.99996392,Austria,Europe,Central Europe
Lhyfe - Brake green hydrogen plant,DEU,10.0,1.732533333,Production,2024.0,Unknown,4.99953096,Germany,Europe,Western Europe
Green lab skive (Phase II),DNK,18.0,3.11856,Production,2024.0,Others/Various,1.999146107,Denmark,Europe,Northern Europe
Green lab skive (Phase I),DNK,6.0,1.03952,Production,2024.0,Others/Various,1.999723387,Denmark,Europe,Northern Europe
Green hydrogen for fragrance industry,ESP,1.25,0.187413462,Production,2024.0,Solar PV,1.999951893,Spain,Europe,South West Europe
GREEN H2 Langosteira,ESP,1.0,0.173253333,Production,2024.0,Unknown,6.99996392,Spain,Europe,South West Europe
SmartQuart project - Kaisersesch ,DEU,1.0,0.149930769,Production,2024.0,Unknown,4.99996392,Germany,Europe,Western Europe
"Green fertilizer project Porsgrunn-Heroya, phase 1 - SKREI",NOR,24.0,3.598338462,Production,2024.0,Unknown,1.998857466,Norway,Europe,Northern Europe
Flins Plant - HYVIA,FRA,1.0,0.149930769,Production,2024.0,Unknown,1.99996392,France,Europe,Western Europe
"European Energy, phase I",DNK,3.0,0.51976,Production,2024.0,Offshore wind,1.999867707,Denmark,Europe,Northern Europe
EnrHy4,FRA,4.0,0.693013333,Production,2024.0,Solar PV,1.9998196,France,Europe,Western Europe
Emil'Hy - pilot,FRA,1.5,0.25988,Production,2024.0,Unknown,1.999939867,France,Europe,Western Europe
TES-Vig'Hy,FRA,2.5,0.433133333,Production,2024.0,Unknown,1.99989176,France,Europe,Western Europe
Szazhalombatta refinery,HUN,10.0,1.499307692,Production,2024.0,Unknown,1.99953096,Hungary,Europe,Central Europe
Dijon Métropole Smart EnergHy (DMSE) - Station 1,FRA,1.0,0.169486957,Production,2024.0,Unknown,1.99996392,France,Europe,Western Europe
CorrHyd'Occ (Occitanie H2 Corridor),FRA,20.0,3.38973913,Production,2024.0,Unknown,1.999049893,France,Europe,Western Europe
BÜKKABRÁNY PtG,HUN,1.0,0.173253333,Production,2024.0,Solar PV,1.99996392,Hungary,Europe,Central Europe
Alcázar de San Juan - pHYnix,ESP,10.0,1.499307692,Production,2024.0,Unknown,6.99953096,Spain,Europe,South West Europe
AEM Nexus for Unigranit,CZE,0.5,0.086626667,Production,2024.0,Onshore wind,1.999987973,Czech Republic,Europe,Central Europe
AEM Nexus for Fuel Cell factory FAT process,GBR,1.0,0.173253333,Production,2024.0,Unknown,6.99996392,United Kingdom,Europe,Western Europe
UpHy,AUT,10.0,1.499307692,Production,2024.0,Unknown,1.99953096,Austria,Europe,Central Europe
"Trailblazer - Siemens-Air Liquide Oberhausen, Phase 1",DEU,20.0,2.998615385,Production,2024.0,Unknown,9.999049893,Germany,Europe,Western Europe
WIVA P&G Hydrogen Region,AUT,21.06741573,3.65,Production,2025.0,Others/Various,1.998998543,Austria,Europe,Central Europe
"Wilhelmshaven , phase 1",DEU,70.0,12.12773333,Production,2025.0,Unknown,9.996644559,Germany,Europe,Western Europe
Wallonia e-methane project,BEL,75.0,12.71152174,Production,2025.0,Others/Various,1.996404026,Belgium,Europe,Western Europe
"AquaPrimus (AquaVentus, phase 1), Heligoland",DEU,28.0,4.851093333,Production,2025.0,Offshore wind,4.99866504,Germany,Europe,Western Europe
AM Gent H2 consumption Hub,BEL,519.4705249,90.0,Production,2025.0,Unknown,6.975022027,Belgium,Europe,Western Europe
Alp’Hyne,FRA,2.0,0.346506667,Production,2025.0,Unknown,1.999915813,France,Europe,Western Europe
"Aker - Rjukan, phase 2",NOR,20.0,3.465066667,Production,2025.0,Unknown,6.999049893,Norway,Europe,Northern Europe
"Aker - Rjukan, phase 1",NOR,20.0,3.465066667,Production,2025.0,Unknown,6.999049893,Norway,Europe,Northern Europe
"Wyhlen hydroelectric power plant, expansion",DEU,4.248114514,0.72,Production,2025.0,Hydropower,4.999807664,Germany,Europe,Western Europe
Mayflower Hydrogen project,GBR,20.0,2.998615385,Production,2025.0,Unknown,1.999049893,United Kingdom,Europe,Western Europe
Lowestoft PowerPark hydrogen,GBR,2.0,0.346506667,Production,2025.0,Offshore wind,1.999915813,United Kingdom,Europe,Western Europe
Northern Irish hydrogen project - Ballymena Hydrogen,GBR,1.0,0.173253333,Production,2025.0,Onshore wind,1.99996392,United Kingdom,Europe,Western Europe
Net Zero Hub - West Isles,GBR,50.0,8.662666667,Production,2025.0,Unknown,1.997606693,United Kingdom,Europe,Western Europe
Nervia,ROU,5.0,0.847434783,Production,2025.0,Unknown,1.999771493,,,
NeoGreen Portugal - Palmela projetc,PRT,10.0,1.732533333,Production,2025.0,Solar PV,1.99953096,Portugal,Europe,South West Europe
Nemo Hydrogen Project,GRC,100.0,17.32533333,Production,2025.0,Solar PV,1.995201359,Greece,Europe,South East Europe
"Nazare Green Hydrogen Valley, phase 1",PRT,40.0,6.930133333,Production,2025.0,Solar PV,1.99808776,Portugal,Europe,South West Europe
Lhyfe - Schaeffler Group plant in Herzogenaurach,DEU,15.0,2.5988,Production,2025.0,Unknown,9.999290427,Germany,Europe,Western Europe
Landsvirkjun - Ljósifoss Hydropower Station,ISL,10.0,1.732533333,Production,2025.0,Unknown,1.99953096,Iceland,Europe,Northern Europe
Knockshinnoch hydrogen production facility - Scotland,GBR,2.5,0.433133333,Production,2025.0,Unknown,6.99989176,United Kingdom,Europe,Western Europe
Julio Verne project,ESP,1.4,0.242554667,Production,2025.0,Unknown,6.999944677,Spain,Europe,South West Europe
Inverness hydrogen hub - Phase 1,GBR,6.0,1.016921739,Production,2025.0,Unknown,1.999723387,United Kingdom,Europe,Western Europe
Inspira Madrid,ESP,10.0,1.732533333,Production,2025.0,Solar PV,1.99953096,Spain,Europe,South West Europe
Innio Jenbach - H2 Ready ,AUT,2.0,0.299861538,Production,2025.0,Unknown,1.999915813,Austria,Europe,Central Europe
INEOS Köln site,DEU,100.0,17.32533333,Production,2025.0,Unknown,4.995201359,Germany,Europe,Western Europe
P2G Velke Kapusany,SVK,78.0,13.51376,Production,2025.0,Unknown,6.996259706,Slovakia,Europe,Central Europe
Oosterhorn Hydrogen project - Chemie Park Delfzijl,NLD,20.0,3.465066667,Production,2025.0,Onshore wind,1.999049893,Netherlands,Europe,Western Europe
Olga,ITA,1.0,0.169486957,Production,2025.0,Unknown,1.99996392,Italy,Europe,Southern Europe
Hyperion H2 Alandroal- Phase 1,PRT,50.0,8.662666667,Production,2025.0,Solar PV,1.997606693,Portugal,Europe,South West Europe
Hynamics VSGP,FRA,2.0,0.338973913,Production,2025.0,Unknown,1.999915813,France,Europe,Western Europe
Hynamics Martres-Tolosane,FRA,2.0,0.338973913,Production,2025.0,Unknown,1.999915813,France,Europe,Western Europe
Hynamics LH2,FRA,2.0,0.338973913,Production,2025.0,Unknown,1.999915813,France,Europe,Western Europe
Hynamics Dunkirk,FRA,1.0,0.169486957,Production,2025.0,Unknown,1.99996392,France,Europe,Western Europe
Hynamics Cannes,FRA,2.0,0.338973913,Production,2025.0,Unknown,1.999915813,France,Europe,Western Europe
HyLan,FRA,30.0,5.1976,Production,2025.0,Solar PV,1.998568826,France,Europe,Western Europe
"HyGreen Teesside, phase I",GBR,80.0,13.86026667,Production,2025.0,Unknown,6.996163493,United Kingdom,Europe,Western Europe
Hydrogen Wind Turbine in Wieringerwerf,NLD,5.0,0.749653846,Production,2025.0,Onshore wind,1.999771493,Netherlands,Europe,Western Europe
Hydrogen Hub Agder Phase 1,NOR,20.0,3.38973913,Production,2025.0,Unknown,1.999049893,Norway,Europe,Northern Europe
Hydro Havrand - Hoyanger,NOR,5.0,0.749653846,Production,2025.0,Hydropower,1.999771493,Norway,Europe,Northern Europe
Protium - Wilton Universal Group Teeside (Phase 1),GBR,17.2,2.979957333,Production,2025.0,Unknown,6.999184592,United Kingdom,Europe,Western Europe
Project AIR (Perstorp - Stenungsund),SWE,25.0,4.237173913,Production,2025.0,Onshore wind,1.99880936,Sweden,Europe,Northern Europe
Port of Aabenraa Methanol,DNK,60.0,8.995846154,Production,2025.0,Solar PV,1.997125626,Denmark,Europe,Northern Europe
Port of Aabenraa,DNK,100.0,17.32533333,Production,2025.0,Others/Various,1.995201359,Denmark,Europe,Northern Europe
Plug Power Port of Antwerp-Bruges,BEL,100.0,14.99307692,Production,2025.0,Unknown,6.995201359,Belgium,Europe,Western Europe
Plansee Group - Breitenwang,AUT,4.0,0.677947826,Production,2025.0,Unknown,1.9998196,Austria,Europe,Central Europe
HyCOR,FRA,20.0,3.465066667,Production,2025.0,Unknown,1.999049893,France,Europe,Western Europe
HYBRIT demo,SWE,500.0,84.74347826,Production,2025.0,Unknown,1.975958689,Sweden,Europe,Northern Europe
HyBont,GBR,5.2,0.900917333,Production,2025.0,Unknown,6.999761872,United Kingdom,Europe,Western Europe
HyBizkaia EFuels and Mobility at Basque Hydrogen Corridor,ESP,10.0,1.732533333,Production,2025.0,Unknown,1.99953096,Spain,Europe,South West Europe
HYBAYERN,DEU,2.872659176,0.4307,Production,2025.0,Unknown,9.999873833,Germany,Europe,Western Europe
Hy4Chem - BASF Ludwigshafen,DEU,54.0,8.096261538,Production,2025.0,Unknown,9.997414266,Germany,Europe,Western Europe
HY.Waiblingen,DEU,2.0,0.346506667,Production,2025.0,Unknown,4.999915813,Germany,Europe,Western Europe
Hunfeld project ,DEU,5.0,0.866266667,Production,2025.0,Onshore wind,4.999771493,Germany,Europe,Western Europe
Holland Hydrogen - phase 1,NLD,200.0,33.8973913,Production,2025.0,Offshore wind,1.990390692,Netherlands,Europe,Western Europe
Hidroversol Castilla y León,ESP,200.0,34.65066667,Production,2025.0,Unknown,6.990390692,Spain,Europe,South West Europe
"HH2E - Met Northeast Germany, phase 1",DEU,100.0,16.94869565,Production,2025.0,Others/Various,4.995201359,Germany,Europe,Western Europe
HEVO-Industria,PRT,6.6,0.989543077,Production,2025.0,Unknown,1.999694523,Portugal,Europe,South West Europe
HEVO Sines (Phase 1),PRT,10.0,1.499307692,Production,2025.0,Solar PV,1.99953096,Portugal,Europe,South West Europe
HEVO- Aveiro,PRT,25.0,3.748269231,Production,2025.0,Unknown,1.99880936,Portugal,Europe,South West Europe
"H2UDF, phase II",ESP,7.5,1.2994,Production,2025.0,Unknown,1.999651227,Spain,Europe,South West Europe
"H2UDF, phase I",ESP,2.5,0.433133333,Production,2025.0,Unknown,1.99989176,Spain,Europe,South West Europe
RDSF - Metacon MoU,POL,5.0,0.866266667,Production,2025.0,Solar PV,1.999771493,Poland,Europe,Eastern Europe
Rabbalshede Krafts,SWE,50.0,8.662666667,Production,2025.0,Others/Various,1.997606693,Sweden,Europe,Northern Europe
Raahen Monivoima Kokkola,FIN,5.7,0.987544,Production,2025.0,Others/Various,1.999737819,Finland,Europe,Northern Europe
PYROCO2,NOR,2.38379252,0.413,Production,2025.0,Unknown,6.99989735,Norway,Europe,Northern Europe
H2MUCTYNIC (Confidential data from H2 Europe),SVK,20.0,3.465066667,Production,2025.0,Others/Various,1.999049893,Slovakia,Europe,Central Europe
H2Iseo valley,ITA,5.0,0.866266667,Production,2025.0,Unknown,1.999771493,Italy,Europe,Southern Europe
H2Hub HyChem,PRT,10.0,1.694869565,Production,2025.0,Solar PV,1.99953096,Portugal,Europe,South West Europe
H2Hollandia,NLD,5.0,0.866266667,Production,2025.0,Solar PV,1.999771493,Netherlands,Europe,Western Europe
H2GO Energy Park Oude-Tonge - 1st phase,NLD,2.5,0.433133333,Production,2025.0,Others/Various,1.99989176,Netherlands,Europe,Western Europe
H2ermes,NLD,100.0,17.32533333,Production,2025.0,Unknown,1.995201359,Netherlands,Europe,Western Europe
H2BYCOL,FRA,1.0,0.173253333,Production,2025.0,Unknown,1.99996392,France,Europe,Western Europe
H2 Solar Rodao,PRT,30.0,5.1976,Production,2025.0,Unknown,1.998568826,Portugal,Europe,South West Europe
H2 production for a H2 Fuell station ,NLD,1.0,0.173253333,Production,2025.0,Unknown,6.99996392,Netherlands,Europe,Western Europe
H2 Pierre-Bénite (Phase 1),FRA,20.0,3.465066667,Production,2025.0,Unknown,1.999049893,France,Europe,Western Europe
H2 Loire Vallée (H2LV),FRA,4.0,0.693013333,Production,2025.0,Unknown,1.9998196,France,Europe,Western Europe
Repsol Bilbao port synfuels project,ESP,10.0,1.694869565,Production,2025.0,Others/Various,1.99953096,Spain,Europe,South West Europe
Ren-Gas  P2X Tampere,FIN,60.0,10.3952,Production,2025.0,Unknown,1.997125626,Finland,Europe,Northern Europe
H2 Green Steel (H2GS)  - phase 1,SWE,800.0,135.5895652,Production,2025.0,Hydropower,1.961526686,Sweden,Europe,Northern Europe
H2 for Ovako steel mill in Smedjebacken,SWE,17.0,2.881278261,Production,2025.0,Unknown,1.999194213,Sweden,Europe,Northern Europe
H2 Energy Europe Esbjerg green hydrogen,DNK,1000.0,149.9307692,Production,2025.0,Offshore wind,1.951905351,Denmark,Europe,Northern Europe
H2 Creteil,FRA,2.5,0.433133333,Production,2025.0,Others/Various,1.99989176,France,Europe,Western Europe
"H100 Fife Project, Levenmouth",GBR,5.0,0.847434783,Production,2025.0,Others/Various,1.999771493,United Kingdom,Europe,Western Europe
GZI Next,NLD,10.0,1.499307692,Production,2025.0,Others/Various,1.99953096,Netherlands,Europe,Western Europe
Grey2Green (Phase I),PRT,100.0,14.99307692,Production,2025.0,Unknown,1.995201359,Portugal,Europe,South West Europe
Grenzland Energie Kompakt,DEU,4.0,0.599723077,Production,2025.0,Others/Various,4.9998196,Germany,Europe,Western Europe
Greening of Gas (GoG) - Net4Gas DEMO,CZE,0.45,0.077964,Production,2025.0,Unknown,6.999990379,Czech Republic,Europe,Central Europe
Green Hydrogen 1/HyRo Scotland,GBR,15.0,2.5988,Production,2025.0,Unknown,6.999290427,United Kingdom,Europe,Western Europe
Green Fuels for Denmark - Phase 1,DNK,10.0,1.732533333,Production,2025.0,Others/Various,1.99953096,Denmark,Europe,Northern Europe
SolWinHy Cádiz,ESP,69.57211598,12.053601,Production,2025.0,Others/Various,1.996665143,Spain,Europe,South West Europe
"Sines Repsol, phase 1",PRT,4.0,0.599723077,Production,2025.0,Solar PV,1.9998196,Portugal,Europe,South West Europe
Sines GH2 Solar,PRT,4.0,0.599723077,Production,2025.0,Solar PV,1.9998196,Portugal,Europe,South West Europe
SALCOS - first expansion - phase 1,DEU,100.0,17.32533333,Production,2025.0,Onshore wind,4.995201359,Germany,Europe,Western Europe
Green CCU Hub Aalborg,DNK,120.0,20.7904,Production,2025.0,Others/Various,1.994239226,Denmark,Europe,Northern Europe
Granadilla - Endesa,ESP,10.0,1.732533333,Production,2025.0,Others/Various,1.99953096,Spain,Europe,South West Europe
GldH2,NLD,2.0,0.346506667,Production,2025.0,Unknown,1.999915813,Netherlands,Europe,Western Europe
"Gigastack-Hornsea 2, phase I",GBR,100.0,14.99307692,Production,2025.0,Offshore wind,1.995201359,United Kingdom,Europe,Western Europe
"GET H2 Nukleus, phase 1",DEU,100.0,14.99307692,Production,2025.0,Offshore wind,4.995201359,Germany,Europe,Western Europe
"G2F - Gas to Future, phase 1",SVK,84.0,14.55328,Production,2025.0,Unknown,6.995971066,Slovakia,Europe,Central Europe
Freienbach plant,CHE,10.0,1.732533333,Production,2025.0,Unknown,1.99953096,Switzerland,Europe,Central Europe
Flexens Lempäälä,FIN,2.5,0.433133333,Production,2025.0,Unknown,1.99989176,Finland,Europe,Northern Europe
EuroWind Energy  Monte Das Areias ,PRT,4.0,0.693013333,Production,2025.0,Unknown,1.9998196,Portugal,Europe,South West Europe
"European Energy, phase II",DNK,9.0,1.55928,Production,2025.0,Offshore wind,1.999579067,Denmark,Europe,Northern Europe
Ercros - Sabinanigo,ESP,0.9,0.152538261,Production,2025.0,Unknown,6.999968731,Spain,Europe,South West Europe
ErasmoPower2X,ESP,500.0,86.62666667,Production,2025.0,Solar PV,1.975958689,Spain,Europe,South West Europe
Enertrag Magdeburg,DEU,10.0,1.499307692,Production,2025.0,Unknown,4.99953096,Germany,Europe,Western Europe
Energi Hub Kjerlingland,NOR,5.0,0.866266667,Production,2025.0,Unknown,1.999771493,Norway,Europe,Northern Europe
EMEC tidal-battery-hydrogen demo,GBR,0.67,0.100453615,Production,2025.0,Others/Various,1.999979795,United Kingdom,Europe,Western Europe
Terranova Hydrogen,BEL,2.5,0.433133333,Production,2025.0,Unknown,1.99989176,Belgium,Europe,Western Europe
Terneuzen - VoltH2 - phase I,NLD,25.0,4.331333333,Production,2025.0,Offshore wind,1.99880936,Netherlands,Europe,Western Europe
Tees Valley Hydrogen Vehicle Ecosystem- Riverside terminal ,GBR,3.16011236,0.5475,Production,2025.0,Unknown,1.999860004,United Kingdom,Europe,Western Europe
Tapada do Outeiro natural gas power plant ,PRT,15.0,2.5988,Production,2025.0,Offshore wind,1.999290427,Portugal,Europe,South West Europe
Swedish Biofuels/COWI SAF plant,SWE,59.30028823,10.2739726,Production,2025.0,Unknown,1.997159287,Sweden,Europe,Northern Europe
Sunrhyse,FRA,30.0,4.497923077,Production,2025.0,Solar PV,1.998568826,France,Europe,Western Europe
EDP Ribatejo - ALHIVE Alenquer,PRT,5.0,0.749653846,Production,2025.0,Unknown,1.999771493,Portugal,Europe,South West Europe
E.ON H2.Ruhr wind exports from Italy,DEU,20.0,3.465066667,Production,2025.0,Others/Various,4.999049893,Germany,Europe,Western Europe
Duisburg Harbor,DEU,20.0,3.465066667,Production,2025.0,Unknown,9.999049893,Germany,Europe,Western Europe
Dimdini H2 ecosystem,LVA,30.0,5.1976,Production,2025.0,Unknown,1.998568826,Latvia,Europe,Eastern Europe
DépHy2B Bastia,FRA,5.0,0.866266667,Production,2025.0,Solar PV,1.999771493,France,Europe,Western Europe
DépHy2A Ajaccio,FRA,5.0,0.866266667,Production,2025.0,Solar PV,1.999771493,France,Europe,Western Europe
CRI project in Norway (Circlenergy),NOR,110.0,19.05786667,Production,2025.0,Unknown,1.994720292,Norway,Europe,Northern Europe
Concrete Chemicals - II,DEU,3.0,0.615505263,Production,2025.0,Others/Various,4.999867707,Germany,Europe,Western Europe
Concrete Chemicals - I,DEU,51.68539326,8.76,Production,2025.0,Others/Various,4.997525614,Germany,Europe,Western Europe
Bradford Low Carbon Hydrogen,GBR,24.5,4.244706667,Production,2025.0,Unknown,6.998833413,United Kingdom,Europe,Western Europe
"Borna Hydrogen Plant, phase 1",DEU,100.0,17.32533333,Production,2025.0,Unknown,4.995201359,Germany,Europe,Western Europe
Bord Na Mona & BOC hydrogen project,IRL,2.0,0.346506667,Production,2025.0,Onshore wind,1.999915813,Ireland,Europe,Western Europe
UPM Kymmene Biorefinery Green Hydrogen production​,FIN,20.0,3.465066667,Production,2025.0,Unknown,1.999049893,Finland,Europe,Northern Europe
Uniper Killingholme site,GBR,100.0,17.32533333,Production,2025.0,Offshore wind,1.995201359,United Kingdom,Europe,Western Europe
"Trailblazer - Siemens-Air Liquide Oberhausen, Phase 2",DEU,10.0,1.499307692,Production,2025.0,Unknown,9.99953096,Germany,Europe,Western Europe
"TIWAG Power2X (Phase 1) (within ""Power2X Kufstein"")",AUT,1.0,0.149930769,Production,2025.0,Hydropower,1.99996392,Austria,Europe,Central Europe
Vordingborg biofuels,DNK,220.8638602,38.2654,Production,2025.0,Others/Various,1.989387001,Denmark,Europe,Northern Europe
Vlissingen - VoltH2 - phase I,NLD,25.0,4.331333333,Production,2025.0,Offshore wind,1.99880936,Netherlands,Europe,Western Europe
Vitry H2,FRA,2.0,0.338973913,Production,2025.0,Unknown,1.999915813,France,Europe,Western Europe
VISION 2025,GRC,10.0,1.732533333,Production,2025.0,Solar PV,1.99953096,Greece,Europe,South East Europe
Vätgas Ljungby,SWE,2.0,0.346506667,Production,2025.0,Unknown,6.999915813,Sweden,Europe,Northern Europe
Vantaa-Wartsila methanation,FIN,20.0,3.465066667,Production,2025.0,Onshore wind,1.999049893,Finland,Europe,Northern Europe
Valle Peligna Green Hydrogen Project,ITA,30.0,4.497923077,Production,2025.0,Others/Various,1.998568826,Italy,Europe,Southern Europe
Utilitas ELY,EST,0.212405726,0.036,Production,2025.0,Solar PV,1.999998191,Estonia,Europe,Eastern Europe
"BENORTH2 (Amorebieta-Boroa power plant), phase 1",ESP,20.0,3.465066667,Production,2025.0,Unknown,1.999049893,Spain,Europe,South West Europe
Barranco de Tirajana - Endesa,ESP,7.0,1.212773333,Production,2025.0,Solar PV,1.99967528,Spain,Europe,South West Europe
Barataria - pHYnix,ESP,70.0,12.12773333,Production,2025.0,Unknown,6.996644559,Spain,Europe,South West Europe
Bad Lauchstädt energy park,DEU,30.0,5.084608696,Production,2025.0,Onshore wind,4.998568826,Germany,Europe,Western Europe
Axpo Brugg,CHE,15.0,2.5988,Production,2025.0,Hydropower,1.999290427,Switzerland,Europe,Central Europe
AuxHYGen (Phase 2),FRA,2.0,0.338973913,Production,2025.0,Unknown,1.999915813,France,Europe,Western Europe
"AsturiasH2Valley, Abono",ESP,150.0,25.988,Production,2025.0,Unknown,1.992796025,Spain,Europe,South West Europe
As Pontes power plant,ESP,100.0,17.32533333,Production,2025.0,Onshore wind,1.995201359,Spain,Europe,South West Europe
Armor Hydrogène,FRA,4.0,0.693013333,Production,2025.0,Onshore wind,1.9998196,France,Europe,Western Europe
ArcelorMittal Hamburg,DEU,50.0,8.662666667,Production,2025.0,Unknown,9.997606693,Germany,Europe,Western Europe
AEM Nexus 500 for SAF and supply of internal hydrogen lines,DEU,0.5,0.086626667,Production,2025.0,Unknown,9.999987973,Germany,Europe,Western Europe
Zero Emission Valley (ZEV) - Le Cheylas,FRA,5.0,0.866266667,Production,2025.0,Unknown,6.999771493,France,Europe,Western Europe
Advancing Sustainable Aviation via PtL and Direct Air Capture (ASAP-DAC)  project,BGR,3.121067801,0.5407354,Production,2025.0,Unknown,1.999861882,Bulgaria,Europe,South East Europe
